Library,Advisory Link,Commit,Parent Module,API,Anomaly
Tensorflow,https://github.com/tensorflow/tensorflow/security/advisories/GHSA-9cr2-8pwr-fhfq,https://github.com/tensorflow/tensorflow/commit/f3f9cb38ecfe5a8a703f2c4a8fead434ef291713,tf.array_ops,tf.raw_ops.QuantizeAndDequantizeV3,Non scalar input
Tensorflow,https://github.com/tensorflow/tensorflow/security/advisories/GHSA-r26c-679w-mrjm,https://github.com/tensorflow/tensorflow/commit/f3cf67ac5705f4f04721d15e485e192bb319feed,tf.quantization,tf.quantization.fake_quant_with_min_max_vars_gradient,Non scalar input
Tensorflow,https://github.com/tensorflow/tensorflow/security/advisories/GHSA-mv8m-8x97-937q,https://github.com/tensorflow/tensorflow/commit/552bfced6ce4809db5f3ca305f60ff80dd40c5a3,tf.random,tf.random.gamma,Very large input argument
Tensorflow,https://github.com/tensorflow/tensorflow/security/advisories/GHSA-cv2p-32v3-vhwq,https://github.com/tensorflow/tensorflow/commit/552bfced6ce4809db5f3ca305f60ff80dd40c5a3,tf.raw_ops,tf.raw_ops.RandomPoissonV2,Very large input argument
Tensorflow,https://github.com/tensorflow/tensorflow/security/advisories/GHSA-mh3m-62v7-68xg,https://github.com/tensorflow/tensorflow/commit/4419d10d576adefa36b0e0a9425d2569f7c0189f,tf.raw_ops,tf.raw_ops.Unbatch,Non scalar input
Tensorflow,https://github.com/tensorflow/tensorflow/security/advisories/GHSA-jqm7-m5q7-3hm5,https://github.com/tensorflow/tensorflow/commit/da0d65cdc1270038e72157ba35bf74b85d9bda11,tf.raw_ops,tf.raw_ops.DrawBoundingBoxes,Non float input
Tensorflow,https://github.com/tensorflow/tensorflow/security/advisories/GHSA-fqxc-pvf8-2w9v,https://github.com/tensorflow/tensorflow/commit/aed36912609fc07229b4d0a7b44f3f48efc00fd0,tf.raw_ops,tf.raw_ops.Eig,Bad input
Tensorflow,https://github.com/tensorflow/tensorflow/security/advisories/GHSA-37jf-mjv6-xfqw,https://github.com/tensorflow/tensorflow/commit/27a65a43cf763897fecfa5cdb5cc653fc5dd0346,tf.raw_ops,tf.raw_ops.Conv2DBackpropInput,Empty input
Tensorflow,https://github.com/tensorflow/tensorflow/security/advisories/GHSA-qhw4-wwr7-gjc5,https://github.com/tensorflow/tensorflow/commit/c8ba76d48567aed347508e0552a257641931024d,tf.raw_ops,tf.raw_ops.EmptyTensorList,More than one dimension
Tensorflow,https://github.com/tensorflow/tensorflow/security/advisories/GHSA-p7hr-f446-x6qf,https://github.com/tensorflow/tensorflow/commit/83dcb4dbfa094e33db084e97c4d0531a559e0ebf,tf.sparse,tf.sparse.cross,Non scalar input
Tensorflow,https://github.com/tensorflow/tensorflow/security/advisories/GHSA-q5jv-m6qw-5g37,https://github.com/tensorflow/tensorflow/commit/611d80db29dd7b0cfb755772c69d60ae5bca05f9,tf.raw_ops,tf.raw_ops.Conv2D,Empty input
Tensorflow,https://github.com/tensorflow/tensorflow/security/advisories/GHSA-g9h5-vr8m-x2h4,https://github.com/tensorflow/tensorflow/commit/bf6b45244992e2ee543c258e519489659c99fb7f,tf.raw_ops,tf.raw_ops.AudioSummaryV2,More than one element
Tensorflow,https://github.com/tensorflow/tensorflow/security/advisories/GHSA-fhfc-2q7x-929f,https://github.com/tensorflow/tensorflow/commit/c1f491817dec39a26be3c574e86a88c30f3c4770,tf.raw_ops,tf.raw_ops.CollectiveGather,Scalar input
Tensorflow,https://github.com/tensorflow/tensorflow/security/advisories/GHSA-wq6q-6m32-9rv9,https://github.com/tensorflow/tensorflow/commit/cf70b79d2662c0d3c6af74583641e345fc939467,tf.raw_ops,tf.raw_ops.SetSize,Scalar input
Tensorflow,https://github.com/tensorflow/tensorflow/security/advisories/GHSA-9v8w-xmr4-wgxp,https://github.com/tensorflow/tensorflow/commit/3db59a042a38f4338aa207922fa2f476e000a6ee,tf.raw_ops,tf.raw_ops.TensorListFromTensor,Rank greater than one
Tensorflow,https://github.com/tensorflow/tensorflow/security/advisories/GHSA-vm7x-4qhj-rrcq,https://github.com/tensorflow/tensorflow/commit/bb03fdf4aae944ab2e4b35c7daa051068a8b7f61,tf.raw_ops,tf.raw_ops.TensorListScatter,Rank greater than one
Tensorflow,https://github.com/tensorflow/tensorflow/security/advisories/GHSA-vm7x-4qhj-rrcq,https://github.com/tensorflow/tensorflow/commit/bb03fdf4aae944ab2e4b35c7daa051068a8b7f61,tf.raw_ops,tf.raw_ops.TensorListScatterV2,Rank greater than one
Tensorflow,https://github.com/tensorflow/tensorflow/security/advisories/GHSA-h7ff-cfc9-wmmh,https://github.com/tensorflow/tensorflow/commit/f3cf67ac5705f4f04721d15e485e192bb319feed,tf.quantization,tf.quantization.fake_quant_with_min_max_vars_per_channel_gradient,Rank other than 1
Tensorflow,https://github.com/tensorflow/tensorflow/security/advisories/GHSA-j43h-pgmg-5hjq,https://github.com/tensorflow/tensorflow/commit/32d7bd3defd134f21a4e344c8dfd40099aaf6b18,tf.raw_ops,tf.raw_ops.MaxPool,Dimension mismatch
Tensorflow,https://github.com/tensorflow/tensorflow/security/advisories/GHSA-9vqj-64pv-w55c,https://github.com/tensorflow/tensorflow/commit/c55b476aa0e0bd4ee99d0f3ad18d9d706cd1260a,tf.linalg,tf.linalg.matrix_rank,Empty input
Tensorflow,https://github.com/tensorflow/tensorflow/security/advisories/GHSA-w62h-8xjm-fv49,https://github.com/tensorflow/tensorflow/commit/bf4c14353c2328636a18bfad1e151052c81d5f43,tf.raw_ops,tf.raw_ops.DenseBincount,Dimension mismatch
Tensorflow,https://github.com/tensorflow/tensorflow/security/advisories/GHSA-wr9v-g9vf-c74v,https://github.com/tensorflow/tensorflow/commit/7a4591fd4f065f4fa903593bc39b2f79530a74b8,tf.raw_ops,tf.raw_ops.RaggedBincount,Empty input
Tensorflow,https://github.com/tensorflow/tensorflow/security/advisories/GHSA-9942-r22v-78cp,https://github.com/tensorflow/tensorflow/commit/bd90b3efab4ec958b228cd7cfe9125be1c0cf255,tf.raw_ops,tf.raw_ops.LRNGrad,Rank other than 4
Tensorflow,https://github.com/tensorflow/tensorflow/security/advisories/GHSA-p2xf-8hgm-hpw5,https://github.com/tensorflow/tensorflow/commit/72180be03447a10810edca700cbc9af690dfeb51,tf.raw_ops,tf.raw_ops.ParameterizedTruncatedNormal,Type mismatch
Tensorflow,https://github.com/tensorflow/tensorflow/security/advisories/GHSA-m6vp-8q9j-whx4,https://github.com/tensorflow/tensorflow/commit/5dd7b86b84a864b834c6fa3d7f9f51c87efa99d4,tf.raw_ops,tf.raw_ops.Save,int64 tensor
Tensorflow,https://github.com/tensorflow/tensorflow/security/advisories/GHSA-m6vp-8q9j-whx4,https://github.com/tensorflow/tensorflow/commit/5dd7b86b84a864b834c6fa3d7f9f51c87efa99d4,tf.raw_ops,f.raw_ops.SaveSlices,int64 tensor
Tensorflow,https://github.com/tensorflow/tensorflow/security/advisories/GHSA-397c-5g2j-qxpv,https://github.com/tensorflow/tensorflow/commit/40adbe4dd15b582b0210dfbf40c243a62f5119fa,tf.raw_ops,tf.raw_ops.SparseBincount,Empty input
Tensorflow,https://github.com/tensorflow/tensorflow/security/advisories/GHSA-m6cv-4fmf-66xf,https://github.com/tensorflow/tensorflow/commit/88f93dfe691563baa4ae1e80ccde2d5c7a143821,tf.raw_ops,tf.raw_ops.RaggedTensorToVariant,Rank other than 1
Tensorflow,https://github.com/tensorflow/tensorflow/security/advisories/GHSA-vxv8-r8q2-63xw,https://github.com/tensorflow/tensorflow/commit/8741e57d163a079db05a7107a7609af70931def4,tf.raw_ops,tf.raw_ops.FractionalMaxPoolGrad,Dimension mismatch
Tensorflow,https://github.com/tensorflow/tensorflow/security/advisories/GHSA-v7vw-577f-vp8x,https://github.com/tensorflow/tensorflow/commit/49b3824d83af706df0ad07e4e677d88659756d89,tf.raw_ops,tf.raw_ops.QuantizedRelu,Non scalar input
Tensorflow,https://github.com/tensorflow/tensorflow/security/advisories/GHSA-v7vw-577f-vp8x,https://github.com/tensorflow/tensorflow/commit/49b3824d83af706df0ad07e4e677d88659756d89,tf.raw_ops,tf.raw_ops.QuantizedRelu6,Non scalar input
Tensorflow,https://github.com/tensorflow/tensorflow/security/advisories/GHSA-vgvh-2pf4-jr2x,https://github.com/tensorflow/tensorflow/commit/73ad1815ebcfeb7c051f9c2f7ab5024380ca8613,tf.raw_ops,tf.raw_ops.QuantizeDownAndShrinkRange,Non scalar input
Tensorflow,https://github.com/tensorflow/tensorflow/security/advisories/GHSA-689c-r7h2-fv9v,https://github.com/tensorflow/tensorflow/commit/aca766ac7693bf29ed0df55ad6bfcc78f35e7f48,tf.raw_ops,tf.raw_ops.QuantizedMatMul,Non scalar input
Tensorflow,https://github.com/tensorflow/tensorflow/security/advisories/GHSA-9j4v-pp28-mxv7,https://github.com/tensorflow/tensorflow/commit/785d67a78a1d533759fcd2f5e8d6ef778de849e0,tf.raw_ops,tf.raw_ops.FakeQuantWithMinMaxVarsPerChannel,Rank other than 1
Tensorflow,https://github.com/tensorflow/tensorflow/security/advisories/GHSA-4pc4-m9mj-v2r9,https://github.com/tensorflow/tensorflow/commit/785d67a78a1d533759fcd2f5e8d6ef778de849e0,tf.raw_ops,tf.raw_ops.QuantizedBiasAdd,Rank other than 0
Tensorflow,https://github.com/tensorflow/tensorflow/security/advisories/GHSA-wqmc-pm8c-2jhc,https://github.com/tensorflow/tensorflow/commit/785d67a78a1d533759fcd2f5e8d6ef778de849e0,tf.raw_ops,tf.raw_ops.Requantize,Rank other than 0
Tensorflow,https://github.com/tensorflow/tensorflow/security/advisories/GHSA-9fpg-838v-wpv7,https://github.com/tensorflow/tensorflow/commit/785d67a78a1d533759fcd2f5e8d6ef778de849e0,tf.raw_ops,tf.raw_ops.FakeQuantWithMinMaxVars,Rank other than 0
Tensorflow,https://github.com/tensorflow/tensorflow/security/advisories/GHSA-g35r-369w-3fqp,https://github.com/tensorflow/tensorflow/commit/785d67a78a1d533759fcd2f5e8d6ef778de849e0,tf.raw_ops,tf.raw_ops.QuantizedInstanceNorm,Rank other than 0
Tensorflow,https://github.com/tensorflow/tensorflow/security/advisories/GHSA-q2c3-jpmc-gfjx,https://github.com/tensorflow/tensorflow/commit/50156d547b9a1da0144d7babe665cf690305b33c,tf.raw_ops,tf.raw_ops.Conv2DBackpropInput,Rank other than 4
Tensorflow,https://github.com/tensorflow/tensorflow/security/advisories/GHSA-2475-53vw-vp25,https://github.com/tensorflow/tensorflow/commit/3a6ac52664c6c095aa2b114e742b0aa17fdce78f,tf.raw_ops,tf.raw_ops.AvgPoolGrad,Does not fully validate the input
Tensorflow,https://github.com/tensorflow/tensorflow/security/advisories/GHSA-v6h3-348g-6h5x,https://github.com/tensorflow/tensorflow/commit/49b3824d83af706df0ad07e4e677d88659756d89,tf.raw_ops,tf.raw_ops.QuantizedAdd,Rank other than 0
Tensorflow,https://github.com/tensorflow/tensorflow/security/advisories/GHSA-4w68-4x85-mjj9,https://github.com/tensorflow/tensorflow/commit/7cdf9d4d2083b739ec81cfdace546b0c99f50622,tf.raw_ops,tf.raw_ops.QuantizedAvgPool,Rank other than 0
Tensorflow,https://github.com/tensorflow/tensorflow/security/advisories/GHSA-qxpx-j395-pw36,https://github.com/tensorflow/tensorflow/commit/bce3717eaef4f769019fd18e990464ca4a2efeea,tf.raw_ops,tf.raw_ops.LowerBound,Empty input
Tensorflow,https://github.com/tensorflow/tensorflow/security/advisories/GHSA-qxpx-j395-pw36,https://github.com/tensorflow/tensorflow/commit/bce3717eaef4f769019fd18e990464ca4a2efeea,tf.raw_ops,tf.raw_ops.UpperBound,Empty input
Tensorflow,https://github.com/tensorflow/tensorflow/security/advisories/GHSA-f7r5-q7cx-h668,https://github.com/tensorflow/tensorflow/commit/2a458fc4866505be27c62f81474ecb2b870498fa,tf.raw_ops,tf.raw_ops.BlockLSTMGradV2,Rank other than 1
Tensorflow,https://github.com/tensorflow/tensorflow/security/advisories/GHSA-f7r5-q7cx-h668,https://github.com/tensorflow/tensorflow/commit/2a458fc4866505be27c62f81474ecb2b870498fa,tf.raw_ops,tf.raw_ops.BlockLSTMGradV2,Rank other than 2
Tensorflow,https://github.com/tensorflow/tensorflow/security/advisories/GHSA-f7r5-q7cx-h668,https://github.com/tensorflow/tensorflow/commit/2a458fc4866505be27c62f81474ecb2b870498fa,tf.raw_ops,tf.raw_ops.BlockLSTMGradV2,Rank other than 3
Tensorflow,https://github.com/tensorflow/tensorflow/security/advisories/GHSA-84jm-4cf3-9jfm,https://github.com/tensorflow/tensorflow/commit/03a659d7be9a1154fdf5eeac221e5950fec07dad,tf.raw_ops,tf.raw_ops.FractionalAvgPoolGrad,Negative argument
Tensorflow,https://github.com/tensorflow/tensorflow/security/advisories/GHSA-84jm-4cf3-9jfm,https://github.com/tensorflow/tensorflow/commit/03a659d7be9a1154fdf5eeac221e5950fec07dad,tf.raw_ops,tf.raw_ops.FractionalAvgPoolGrad,Rank other than 4
Tensorflow,https://github.com/tensorflow/tensorflow/security/advisories/GHSA-84jm-4cf3-9jfm,https://github.com/tensorflow/tensorflow/commit/03a659d7be9a1154fdf5eeac221e5950fec07dad,tf.raw_ops,tf.raw_ops.FractionalAvgPoolGrad,Negative argument
Tensorflow,https://github.com/tensorflow/tensorflow/security/advisories/GHSA-wxjj-cgcx-r3vq,https://github.com/tensorflow/tensorflow/commit/9178ac9d6389bdc54638ab913ea0e419234d14eb,tf.raw_ops,tf.raw_ops.AvgPool3DGrad,Very large input argument
Tensorflow,https://github.com/tensorflow/tensorflow/security/advisories/GHSA-h5vq-gw2c-pq47,https://github.com/tensorflow/tensorflow/commit/5f945fc6409a3c1e90d6970c9292f805f6e6ddf2,tf.raw_ops,tf.raw_ops.UnbatchGrad,Non scalar input
Tensorflow,https://github.com/tensorflow/tensorflow/security/advisories/GHSA-h5vq-gw2c-pq47,https://github.com/tensorflow/tensorflow/commit/5f945fc6409a3c1e90d6970c9292f805f6e6ddf2,tf.raw_ops,tf.raw_ops.UnbatchGrad,Contain more than three times the number of elements 
Tensorflow,https://github.com/tensorflow/tensorflow/security/advisories/GHSA-mgmh-g2v6-mqw5,https://github.com/tensorflow/tensorflow/commit/3a6ac52664c6c095aa2b114e742b0aa17fdce78f,tf.raw_ops,tf.raw_ops.AvgPool,Negative argument
Tensorflow,https://github.com/tensorflow/tensorflow/security/advisories/GHSA-x989-q2pq-4q5x,https://github.com/tensorflow/tensorflow/commit/37cefa91bee4eace55715eeef43720b958a01192,tf.raw_ops,tf.raw_ops.RaggedRange,Very large float
Tensorflow,https://github.com/tensorflow/tensorflow/security/advisories/GHSA-v5xg-3q2c-c2r4,https://github.com/tensorflow/tensorflow/commit/b5f6fbfba76576202b72119897561e3bd4f179c7,tf.raw_ops,tf.raw_ops.TensorListReserve,More than one element
Tensorflow,https://github.com/tensorflow/tensorflow/security/advisories/GHSA-97p7-w86h-vcf9,https://github.com/tensorflow/tensorflow/commit/c65c67f88ad770662e8f191269a907bf2b94b1bf,tf.raw_ops,tf.raw_ops.SobolSample,Non scalar input
Tensorflow,https://github.com/tensorflow/tensorflow/security/advisories/GHSA-f4w6-h4f5-wx45,https://github.com/tensorflow/tensorflow/commit/61f0f9b94df8c0411f0ad0ecc2fec2d3f3c33555,tf,tf.reshape,Overflowing tensor elements
Tensorflow,https://github.com/tensorflow/tensorflow/security/advisories/GHSA-xrp2-fhq4-4q3w,https://github.com/tensorflow/tensorflow/commit/e57fd691c7b0fd00ea3bfe43444f30c1969748b5,tf.raw_ops,tf.histogram_fixed_width,NaN input
Tensorflow,https://github.com/tensorflow/tensorflow/security/advisories/GHSA-cwpm-f78v-7m5c,https://github.com/tensorflow/tensorflow/commit/bd4d5583ff9c8df26d47a23e508208844297310e,tf.raw_ops,tf.ragged.constant,Very large input argument
Tensorflow,https://github.com/tensorflow/tensorflow/security/advisories/GHSA-hx9q-2mx4-m4pg,https://github.com/tensorflow/tensorflow/commit/84563f265f28b3c36a15335c8b005d405260e943,tf.strings,tf.strings.unsorted_segment_join,Negative argument
Tensorflow,https://github.com/tensorflow/tensorflow/security/advisories/GHSA-hx9q-2mx4-m4pg,https://github.com/tensorflow/tensorflow/commit/20cb18724b0bf6c09071a3f53434c4eec53cc147,tf.strings,tf.strings.unsorted_segment_join,Negative argument
Tensorflow,https://github.com/tensorflow/tensorflow/security/advisories/GHSA-2r2f-g8mw-9gvr,https://github.com/tensorflow/tensorflow/commit/30721cf564cb029d34535446d6a5a6357bebc8e7,tf.raw_ops,tf.raw_ops.EditDistance,Negative argument
Tensorflow,https://github.com/tensorflow/tensorflow/security/advisories/GHSA-jjm6-4vf7-cjh4,https://github.com/tensorflow/tensorflow/commit/acd56b8bcb72b163c834ae4f18469047b001fadf,tf.raw_ops,tf.raw_ops.SpaceToBatchND,Negative argument
Tensorflow,https://github.com/tensorflow/tensorflow/security/advisories/GHSA-pqhm-4wvf-2jg8,https://github.com/tensorflow/tensorflow/commit/0f0b080ecde4d3dfec158d6f60da34d5e31693c4,tf.raw_ops,tf.raw_ops.QuantizedConv2D,Empty input
Tensorflow,https://github.com/tensorflow/tensorflow/security/advisories/GHSA-rc9w-5c64-9vqq,https://github.com/tensorflow/tensorflow/commit/11ced8467eccad9c7cb94867708be8fa5c66c730,tf.raw_ops,tf.raw_ops.SparseTensorDenseAdd,Dimension mismatch
Tensorflow,https://github.com/tensorflow/tensorflow/security/advisories/GHSA-5wpj-c6f7-24x8,https://github.com/tensorflow/tensorflow/commit/a5b89cd68c02329d793356bda85d079e9e69b4e7,tf.raw_ops,tf.raw_ops.QueueIsClosedV2,Empty input
Tensorflow,https://github.com/tensorflow/tensorflow/security/advisories/GHSA-5wpj-c6f7-24x8,https://github.com/tensorflow/tensorflow/commit/dbdd98c37bc25249e8f288bd30d01e118a7b4498,tf.summary,tf.summary.flush,Empty input
Tensorflow,https://github.com/tensorflow/tensorflow/security/advisories/GHSA-5v77-j66x-4c4g,https://github.com/tensorflow/tensorflow/commit/174c5096f303d5be7ed2ca2662b08371bff4ab88,tf.raw_ops,tf.raw_ops.Conv3DBackpropFilterV2,Rank other than 1
Tensorflow,https://github.com/tensorflow/tensorflow/security/advisories/GHSA-2vv3-56qg-g2cf,https://github.com/tensorflow/tensorflow/commit/803404044ae7a1efac48ba82d74111fce1ddb09a,tf.raw_ops,tf.raw_ops.LSTMBlockCell,Rank other than 2
Tensorflow,https://github.com/tensorflow/tensorflow/security/advisories/GHSA-2vv3-56qg-g2cf,https://github.com/tensorflow/tensorflow/commit/803404044ae7a1efac48ba82d74111fce1ddb09a,tf.raw_ops,tf.raw_ops.LSTMBlockCell,Rank other than 2
Tensorflow,https://github.com/tensorflow/tensorflow/security/advisories/GHSA-2vv3-56qg-g2cf,https://github.com/tensorflow/tensorflow/commit/803404044ae7a1efac48ba82d74111fce1ddb09a,tf.raw_ops,tf.raw_ops.LSTMBlockCell,Rank other than 2
Tensorflow,https://github.com/tensorflow/tensorflow/security/advisories/GHSA-2vv3-56qg-g2cf,https://github.com/tensorflow/tensorflow/commit/803404044ae7a1efac48ba82d74111fce1ddb09a,tf.raw_ops,tf.raw_ops.LSTMBlockCell,Rank other than 2
Tensorflow,https://github.com/tensorflow/tensorflow/security/advisories/GHSA-2vv3-56qg-g2cf,https://github.com/tensorflow/tensorflow/commit/803404044ae7a1efac48ba82d74111fce1ddb09a,tf.raw_ops,tf.raw_ops.LSTMBlockCell,Rank other than 1
Tensorflow,https://github.com/tensorflow/tensorflow/security/advisories/GHSA-2vv3-56qg-g2cf,https://github.com/tensorflow/tensorflow/commit/803404044ae7a1efac48ba82d74111fce1ddb09a,tf.raw_ops,tf.raw_ops.LSTMBlockCell,Rank other than 1
Tensorflow,https://github.com/tensorflow/tensorflow/security/advisories/GHSA-2vv3-56qg-g2cf,https://github.com/tensorflow/tensorflow/commit/803404044ae7a1efac48ba82d74111fce1ddb09a,tf.raw_ops,tf.raw_ops.LSTMBlockCell,Rank other than 1
Tensorflow,https://github.com/tensorflow/tensorflow/security/advisories/GHSA-2vv3-56qg-g2cf,https://github.com/tensorflow/tensorflow/commit/803404044ae7a1efac48ba82d74111fce1ddb09a,tf.raw_ops,tf.raw_ops.LSTMBlockCell,Rank other than 1
Tensorflow,https://github.com/tensorflow/tensorflow/security/advisories/GHSA-mg66-qvc5-rm93,https://github.com/tensorflow/tensorflow/commit/ea50a40e84f6bff15a0912728e35b657548cef11,tf.raw_ops,tf.raw_ops.SparseTensorToCSRSparseMatrix,Scalar input
Tensorflow,https://github.com/tensorflow/tensorflow/security/advisories/GHSA-mg66-qvc5-rm93,https://github.com/tensorflow/tensorflow/commit/ea50a40e84f6bff15a0912728e35b657548cef11,tf.raw_ops,tf.raw_ops.SparseTensorToCSRSparseMatrix,Scalar input
Tensorflow,https://github.com/tensorflow/tensorflow/security/advisories/GHSA-p9rc-rmr5-529j,https://github.com/tensorflow/tensorflow/commit/3150642acbbe254e3c3c5d2232143fa591855ac9,tf.raw_ops,tf.raw_ops.LoadAndRemapMatrix,Rank other than 4
Tensorflow,https://github.com/tensorflow/tensorflow/security/advisories/GHSA-hrg5-737c-2p56,https://github.com/tensorflow/tensorflow/commit/13d38a07ce9143e044aa737cfd7bb759d0e9b400,tf.raw_ops,tf.raw_ops.UnsortedSegmentJoin,Non scalar input
Tensorflow,https://github.com/tensorflow/tensorflow/security/advisories/GHSA-h48f-q7rw-hvr7,https://github.com/tensorflow/tensorflow/commit/cebe3c45d76357d201c65bdbbf0dbe6e8a63bbdb,tf.raw_ops,tf.raw_ops.StagePeek,Non scalar input
Tensorflow,https://github.com/tensorflow/tensorflow/security/advisories/GHSA-fv25-wrff-wf86,https://github.com/tensorflow/tensorflow/commit/48305e8ffe5246d67570b64096a96f8e315a7281,tf.raw_ops,tf.raw_ops.GetSessionTensor,Non scalar input
Tensorflow,https://github.com/tensorflow/tensorflow/security/advisories/GHSA-h5g4-ppwx-48q2,https://github.com/tensorflow/tensorflow/commit/cff267650c6a1b266e4b4500f69fbc49cdd773c5,tf.raw_ops,tf.raw_ops.DeleteSessionTensor,Non scalar input
Tensorflow,https://github.com/tensorflow/tensorflow/security/advisories/GHSA-h2wq-prv9-2f56,https://github.com/tensorflow/tensorflow/commit/098e7762d909bac47ce1dbabe6dfd06294cb9d58,tf.raw_ops,tf.raw_ops.QuantizeAndDequantizeV4Grad,Non scalar input
Tensorflow,https://github.com/tensorflow/tensorflow/security/advisories/GHSA-2p9q-h29j-3f5v,https://github.com/tensorflow/tensorflow/commit/290bb05c80c327ed74fae1d089f1001b1e2a4ef7,tf.raw_ops,tf.raw_ops.TensorSummaryV2 ,Non scalar input
Tensorflow,https://github.com/tensorflow/tensorflow/security/advisories/GHSA-43q8-3fv7-pr5x,https://github.com/tensorflow/tensorflow/commit/61bf91e768173b001d56923600b40d9a95a04ad5,tf.sparse,tf.sparse.split,Non scalar input
Tensorflow,https://github.com/tensorflow/tensorflow/security/advisories/GHSA-x4qx-4fjv-hmw6,https://github.com/tensorflow/tensorflow/commit/6f4d3e8139ec724dbbcb40505891c81dd1052c4a,tf.raw_ops,tf.raw_ops.SparseCountSparseOutput,Very large input argument
Tensorflow,https://github.com/tensorflow/tensorflow/security/advisories/GHSA-3mw4-6rj6-74g5,https://github.com/tensorflow/tensorflow/commit/53b0dd6dc5957652f35964af16b892ec9af4a559,tf.raw_ops,tf.raw_ops.QuantizedMaxPool,Non scalar input
Tensorflow,https://github.com/tensorflow/tensorflow/security/advisories/GHSA-87v6-crgm-2gfj,https://github.com/tensorflow/tensorflow/commit/ba4e8ac4dc2991e350d5cc407f8598c8d4ee70fb,tf.raw_ops,tf.raw_ops.FractionalMaxPool,Dimension mismatch
Tensorflow,https://github.com/tensorflow/tensorflow/security/advisories/GHSA-6445-fm66-fvq2,https://github.com/tensorflow/tensorflow/commit/b51b82fe65ebace4475e3c54eb089c18a4403f1c,tf.raw_ops,tf.raw_ops.AddManySparseToTensorsMap,Dimension mismatch
Tensorflow,https://github.com/tensorflow/tensorflow/security/advisories/GHSA-rrx2-r989-2c43,https://github.com/tensorflow/tensorflow/commit/1b54cadd19391b60b6fcccd8d076426f7221d5e8,tf.raw_ops,tf.raw_ops.SparseDenseCwiseDiv,Non vector input
Tensorflow,https://github.com/tensorflow/tensorflow/security/advisories/GHSA-rrx2-r989-2c43,https://github.com/tensorflow/tensorflow/commit/1b54cadd19391b60b6fcccd8d076426f7221d5e8,tf.raw_ops,tf.raw_ops.SparseDenseCwiseDiv,Dimension mismatch
Tensorflow,https://github.com/tensorflow/tensorflow/security/advisories/GHSA-98j8-c9q4-r38g,https://github.com/tensorflow/tensorflow/commit/f68fdab93fb7f4ddb4eb438c8fe052753c9413e8,tf.raw_ops,tf.raw_ops.StringNGrams,Negative argument
Tensorflow,https://github.com/tensorflow/tensorflow/security/advisories/GHSA-c582-c96p-r5cq,https://github.com/tensorflow/tensorflow/commit/e3749a6d5d1e8d11806d4a2e9cc3123d1a90b75e,tf.raw_ops,tf.raw_ops.ThreadPoolHandle,Very large input argument
Tensorflow,https://github.com/tensorflow/tensorflow/security/advisories/GHSA-m4hf-j54p-p353,https://github.com/tensorflow/tensorflow/commit/08d7b00c0a5a20926363849f611729f53f3ec022,tf.raw_ops,tf.raw_ops.ConcatV2,Very large input argument
Tensorflow,https://github.com/tensorflow/tensorflow/security/advisories/GHSA-34f9-hjfq-rr8j,https://github.com/tensorflow/tensorflow/commit/58b34c6c8250983948b5a781b426f6aa01fd47af,tf.raw_ops,tf.raw_ops.UnravelIndex,Very large input argument
Tensorflow,https://github.com/tensorflow/tensorflow/security/advisories/GHSA-vjg4-v33c-ggc4,https://github.com/tensorflow/tensorflow/commit/002408c3696b173863228223d535f9de72a101a9,tf.raw_ops,tf.raw_ops.FractionalAvgPoolGrad,Negative argument
Tensorflow,https://github.com/tensorflow/tensorflow/security/advisories/GHSA-c6fh-56w7-fvjw,https://github.com/tensorflow/tensorflow/commit/b64638ec5ccaa77b7c1eb90958e3d85ce381f91b,tf.raw_ops,tf.raw_ops.Dequantize,Very large input argument
Tensorflow,https://github.com/tensorflow/tensorflow/security/advisories/GHSA-23hm-7w47-xw72,https://github.com/tensorflow/tensorflow/commit/23968a8bf65b009120c43b5ebcceaf52dbc9e943,tf.raw_ops,tf.raw_ops.Dequantize,Very large input argument
Tensorflow,https://github.com/tensorflow/tensorflow/security/advisories/GHSA-6gmv-pjp9-p8w8,https://github.com/tensorflow/tensorflow/commit/37c01fb5e25c3d80213060460196406c43d31995,tf.raw_ops,tf.raw_ops.ReverseSequence,Negative argument
Tensorflow,https://github.com/tensorflow/tensorflow/security/advisories/GHSA-v3f7-j968-4h5f,https://github.com/tensorflow/tensorflow/commit/3218043d6d3a019756607643cf65574fbfef5d7a,tf.raw_ops,tf.raw_ops.AvgPoolGrad,Negative argument
Tensorflow,https://github.com/tensorflow/tensorflow/security/advisories/GHSA-rg3m-hqc5-344v,https://github.com/tensorflow/tensorflow/commit/67bfd9feeecfb3c61d80f0e46d89c170fbee682b,tf.raw_ops,tf.raw_ops.SparseFillEmptyRows,Dimension mismatch
Tensorflow,https://github.com/tensorflow/tensorflow/security/advisories/GHSA-cpf4-wx82-gxp6,https://github.com/tensorflow/tensorflow/commit/25d622ffc432acc736b14ca3904177579e733cc6,tf.raw_ops,tf.raw_ops.SplitV,Negative argument
Tensorflow,https://github.com/tensorflow/tensorflow/security/advisories/GHSA-cpf4-wx82-gxp6,https://github.com/tensorflow/tensorflow/commit/25d622ffc432acc736b14ca3904177579e733cc6,tf.raw_ops,tf.raw_ops.SplitV,More than one value
Tensorflow,https://github.com/tensorflow/tensorflow/security/advisories/GHSA-cqv6-3phm-hcwx,https://github.com/tensorflow/tensorflow/commit/af5fcebb37c8b5d71c237f4e59c6477015c78ce6,tf.raw_ops,tf.raw_ops.CudnnRNNV3,Rank other than 3
Tensorflow,https://github.com/tensorflow/tensorflow/security/advisories/GHSA-9crf-c6qr-r273,https://github.com/tensorflow/tensorflow/commit/a8ad3e5e79c75f36edb81e0ba3f3c0c5442aeddc,tf.raw_ops,tf.raw_ops.AllToAll,Zero argument
Tensorflow,https://github.com/tensorflow/tensorflow/security/advisories/GHSA-gpfh-jvf9-7wg5,https://github.com/tensorflow/tensorflow/commit/ca38dab9d3ee66c5de06f11af9a4b1200da5ef75,tf.raw_ops,tf.raw_ops.CollectiveReduceV2,Dimension mismatch
Tensorflow,https://github.com/tensorflow/tensorflow/security/advisories/GHSA-4f99-p9c2-3j8x,https://github.com/tensorflow/tensorflow/commit/e6cf28c72ba2eb949ca950d834dd6d66bb01cfae,tf.raw_ops,tf.raw_ops.SparseMatMul,Zero argument
Tensorflow,https://github.com/tensorflow/tensorflow/security/advisories/GHSA-3ff2-r28g-w7h9,https://github.com/tensorflow/tensorflow/commit/c79ba87153ee343401dbe9d1954d7f79e521eb14,tf.raw_ops,tf.raw_ops.Transpose,Negative argument
Tensorflow,https://github.com/tensorflow/tensorflow/security/advisories/GHSA-x3v8-c8qx-3j3r,https://github.com/tensorflow/tensorflow/commit/d3738dd70f1c9ceb547258cbb82d853da8771850,tf.raw_ops,tf.raw_ops.DeserializeSparse,Scalar input
Tensorflow,https://github.com/tensorflow/tensorflow/security/advisories/GHSA-vwhq-49r4-gj9v,https://github.com/tensorflow/tensorflow/commit/fa6b7782fbb14aa08d767bc799c531f5e1fb3bb8,tf.ragged,tf.ragged.cross,Rank other than 2
Tensorflow,https://github.com/tensorflow/tensorflow/security/advisories/GHSA-cvgx-3v3q-m36c,https://github.com/tensorflow/tensorflow/commit/a0d64445116c43cf46a5666bd4eee28e7a82f244,tf.raw_ops,tf.raw_ops.QuantizeV2,Argument less than 1
Tensorflow,https://github.com/tensorflow/tensorflow/security/advisories/GHSA-49rx-x2rw-pc6f,https://github.com/tensorflow/tensorflow/commit/7cf73a2274732c9d82af51c2bc2cf90d13cd7e6d,tf.raw_ops,tf.raw_ops.QuantizeAndDequantizeV4Grad,Argument less than 2
Tensorflow,https://github.com/tensorflow/tensorflow/security/advisories/GHSA-7v94-64hj-m82h,https://github.com/tensorflow/tensorflow/commit/f2c3931113eaafe9ef558faaddd48e00a6606235,tf.raw_ops,tf.raw_ops.ParallelConcat,Rank less than 1
Tensorflow,https://github.com/tensorflow/tensorflow/security/advisories/GHSA-m342-ff57-4jcc,https://github.com/tensorflow/tensorflow/commit/701cfaca222a82afbeeb17496bd718baa65a67d2,tf.raw_ops,tf.raw_ops.SparseCountSparseOutput,Rank other than 2
Tensorflow,https://github.com/tensorflow/tensorflow/security/advisories/GHSA-xrqm-fpgr-6hhx,https://github.com/tensorflow/tensorflow/commit/6d94002a09711d297dbba90390d5482b76113899,tf,tf.range,Very large input argument
Tensorflow,https://github.com/tensorflow/tensorflow/security/advisories/GHSA-5hx2-qx8j-qjqm,https://github.com/tensorflow/tensorflow/commit/e5272d4204ff5b46136a1ef1204fc00597e21837,tf.keras.layers,tf.keras.layers.UpSampling2D,Very large input argument
Tensorflow,https://github.com/tensorflow/tensorflow/security/advisories/GHSA-2p25-55c9-h58q,https://github.com/tensorflow/tensorflow/commit/9294094df6fea79271778eb7e7ae1bad8b5ef98f,tf.keras.backend,tf.keras.backend.tile,Very large input argument
Tensorflow,https://github.com/tensorflow/tensorflow/security/advisories/GHSA-gh8h-7j2j-qv4f,https://github.com/tensorflow/tensorflow/commit/874bda09e6702cd50bac90b453b50bcc65b2769e,tf.summary,tf.summary.create_file_writer,Non scalar input
Tensorflow,https://github.com/tensorflow/tensorflow/security/advisories/GHSA-m539-j985-hcr8,https://github.com/tensorflow/tensorflow/commit/12b1ff82b3f26ff8de17e58703231d5a02ef1b8b,tf.keras.layers,tf.keras.layers.MaxPooling3D,Zero argument
Tensorflow,https://github.com/tensorflow/tensorflow/security/advisories/GHSA-m539-j985-hcr8,https://github.com/tensorflow/tensorflow/commit/12b1ff82b3f26ff8de17e58703231d5a02ef1b8b,tf.keras.layers,tf.keras.layers.MaxPooling3D,Negative argument
Tensorflow,https://github.com/tensorflow/tensorflow/security/advisories/GHSA-cq76-mxrc-vchh,https://github.com/tensorflow/tensorflow/commit/e9c81c1e1a9cd8dd31f4e83676cab61b60658429,tf.math,tf.math.segment_max,Very large input argument
Tensorflow,https://github.com/tensorflow/tensorflow/security/advisories/GHSA-cq76-mxrc-vchh,https://github.com/tensorflow/tensorflow/commit/e9c81c1e1a9cd8dd31f4e83676cab61b60658429,tf.math,tf.math.segment_min,Very large input argument
Tensorflow,https://github.com/tensorflow/tensorflow/security/advisories/GHSA-cq76-mxrc-vchh,https://github.com/tensorflow/tensorflow/commit/e9c81c1e1a9cd8dd31f4e83676cab61b60658429,tf.math,tf.math.segment_mean,Very large input argument
Tensorflow,https://github.com/tensorflow/tensorflow/security/advisories/GHSA-cq76-mxrc-vchh,https://github.com/tensorflow/tensorflow/commit/e9c81c1e1a9cd8dd31f4e83676cab61b60658429,tf.math,tf.math.segment_sum,Very large input argument
Tensorflow,https://github.com/tensorflow/tensorflow/security/advisories/GHSA-cq76-mxrc-vchh,https://github.com/tensorflow/tensorflow/commit/e9c81c1e1a9cd8dd31f4e83676cab61b60658429,tf.math,tf.math.segment_prod,Very large input argument
Tensorflow,https://github.com/tensorflow/tensorflow/security/advisories/GHSA-jwf9-w5xm-f437,https://github.com/tensorflow/tensorflow/commit/bb6a0383ed553c286f87ca88c207f6774d5c4a8f,tf.lite.Interpreter,tf.lite.Interpreter.set_tensor,Negative argument
Tensorflow,https://github.com/tensorflow/tensorflow/security/advisories/GHSA-r6jx-9g48-2r5r,https://github.com/tensorflow/tensorflow/commit/23d6383eb6c14084a8fc3bdf164043b974818012,tf.keras,tf.keras.models.model_from_yaml,YAML input
Tensorflow,https://github.com/tensorflow/tensorflow/security/advisories/GHSA-qfpc-5pjr-mh26,https://github.com/tensorflow/tensorflow/commit/da857cfa0fde8f79ad0afdbc94e88b5d4bbec764,tf.raw_ops,tf.raw_ops.Dequantize,Argument less than 1
Tensorflow,https://github.com/tensorflow/tensorflow/security/advisories/GHSA-9c8h-2mv3-49ww,https://github.com/tensorflow/tensorflow/commit/8a793b5d7f59e37ac7f3cd0954a750a2fe76bad4,tf.raw_ops,tf.raw_ops.Conv2D,Zero argument
Tensorflow,https://github.com/tensorflow/tensorflow/security/advisories/GHSA-9c8h-2mv3-49ww,https://github.com/tensorflow/tensorflow/commit/8a793b5d7f59e37ac7f3cd0954a750a2fe76bad4,tf.raw_ops,tf.raw_ops.Conv2D,Zero argument
Tensorflow,https://github.com/tensorflow/tensorflow/security/advisories/GHSA-v768-w7m9-2vmm,https://github.com/tensorflow/tensorflow/commit/578e634b4f1c1c684d4b4294f9e5281b2133b3ed,tf.raw_ops,tf.raw_ops.SparseFillEmptyRows,Empty input
Tensorflow,https://github.com/tensorflow/tensorflow/security/advisories/GHSA-7ghq-fvr3-pj2x,https://github.com/tensorflow/tensorflow/commit/136b51f10903e044308cf77117c0ed9871350475,tf.raw_ops,tf.raw_ops.MaxPoolGrad,Empty input
Tensorflow,https://github.com/tensorflow/tensorflow/security/advisories/GHSA-7ghq-fvr3-pj2x,https://github.com/tensorflow/tensorflow/commit/136b51f10903e044308cf77117c0ed9871350475,tf.raw_ops,tf.raw_ops.MaxPoolGrad,Rank other than 4
Tensorflow,https://github.com/tensorflow/tensorflow/security/advisories/GHSA-278g-rq84-9hmg,https://github.com/tensorflow/tensorflow/commit/d7de67733925de196ec8863a33445b73f9562d1d,tf.raw_ops,tf.raw_ops.MapStage,Empty input
Tensorflow,https://github.com/tensorflow/tensorflow/security/advisories/GHSA-5hj3-vjjf-f5m7,https://github.com/tensorflow/tensorflow/commit/a4e138660270e7599793fa438cd7b2fc2ce215a6,tf.raw_ops,tf.raw_ops.SdcaOptimizerV2,Dimension mismatch
Tensorflow,https://github.com/tensorflow/tensorflow/security/advisories/GHSA-qr82-2c78-4m8h,https://github.com/tensorflow/tensorflow/commit/532f5c5a547126c634fefd43bbad1dc6417678ac,tf.raw_ops,tf.raw_ops.MapPeek,Empty input
Tensorflow,https://github.com/tensorflow/tensorflow/security/advisories/GHSA-9697-98pf-4rw7,https://github.com/tensorflow/tensorflow/commit/42459e4273c2e47a3232cc16c4f4fff3b3a35c38,tf.raw_ops,tf.raw_ops.UpperBound,Rank less than 2
Tensorflow,https://github.com/tensorflow/tensorflow/security/advisories/GHSA-9697-98pf-4rw7,https://github.com/tensorflow/tensorflow/commit/42459e4273c2e47a3232cc16c4f4fff3b3a35c38,tf.raw_ops,tf.raw_ops.LowerBound,Rank less than 3
Tensorflow,https://github.com/tensorflow/tensorflow/security/advisories/GHSA-vmjw-c2vp-p33c,https://github.com/tensorflow/tensorflow/commit/3a7362750d5c372420aa8f0caf7bf5b5c3d0f52d,tf.raw_ops,tf.raw_ops.NonMaxSuppressionV5,Negative argument
Tensorflow,https://github.com/tensorflow/tensorflow/security/advisories/GHSA-vmjw-c2vp-p33c,https://github.com/tensorflow/tensorflow/commit/3a7362750d5c372420aa8f0caf7bf5b5c3d0f52d,tf.raw_ops,tf.raw_ops.CombinedNonMaxSuppression,Negative argument
Tensorflow,https://github.com/tensorflow/tensorflow/security/advisories/GHSA-2wmv-37vq-52g5,https://github.com/tensorflow/tensorflow/commit/a776040a5e7ebf76eeb7eb923bf1ae417dd4d233,tf.raw_ops,tf.raw_ops.UnravelIndex,Zero element 
Tensorflow,https://github.com/tensorflow/tensorflow/security/advisories/GHSA-w74j-v8xh-3w5h,https://github.com/tensorflow/tensorflow/commit/2e0ee46f1a47675152d3d865797a18358881d7a6,tensorflow.python.ops,gen_string_ops.unicode_encode,Empty input
Tensorflow,https://github.com/tensorflow/tensorflow/security/advisories/GHSA-w4xf-2pqw-5mq7,https://github.com/tensorflow/tensorflow/commit/be7a4de6adfbd303ce08be4332554dff70362612,tf.raw_ops,tf.raw_ops.RaggedTensorToVariant,Empty input
Tensorflow,https://github.com/tensorflow/tensorflow/security/advisories/GHSA-v82p-hv3v-p6qp,https://github.com/tensorflow/tensorflow/commit/9e62869465573cb2d9b5053f1fa02a81fce21d69,tf.raw_ops,tf.raw_ops.RequantizationRangePerChannel,Empty input
Tensorflow,https://github.com/tensorflow/tensorflow/security/advisories/GHSA-v82p-hv3v-p6qp,https://github.com/tensorflow/tensorflow/commit/9e62869465573cb2d9b5053f1fa02a81fce21d69,tf.raw_ops,tf.raw_ops.RequantizationRangePerChannel,Element mismatch
Tensorflow,https://github.com/tensorflow/tensorflow/security/advisories/GHSA-v82p-hv3v-p6qp,https://github.com/tensorflow/tensorflow/commit/9e62869465573cb2d9b5053f1fa02a81fce21d69,tf.raw_ops,tf.raw_ops.RequantizationRangePerChannel,Element mismatch
Tensorflow,https://github.com/tensorflow/tensorflow/security/advisories/GHSA-v82p-hv3v-p6qp,https://github.com/tensorflow/tensorflow/commit/203214568f5bc237603dbab6e1fd389f1572f5c9,tensorflow.python.ops,gen_math_ops.requantize_per_channel,Non scalar input
Tensorflow,https://github.com/tensorflow/tensorflow/security/advisories/GHSA-v82p-hv3v-p6qp,https://github.com/tensorflow/tensorflow/commit/203214568f5bc237603dbab6e1fd389f1572f5c9,tensorflow.python.ops,gen_math_ops.requantize_per_channel,Non scalar input
Tensorflow,https://github.com/tensorflow/tensorflow/security/advisories/GHSA-v82p-hv3v-p6qp,https://github.com/tensorflow/tensorflow/commit/203214568f5bc237603dbab6e1fd389f1572f5c9,tensorflow.python.ops,gen_math_ops.requantize_per_channel,Element mismatch
Tensorflow,https://github.com/tensorflow/tensorflow/security/advisories/GHSA-v82p-hv3v-p6qp,https://github.com/tensorflow/tensorflow/commit/203214568f5bc237603dbab6e1fd389f1572f5c9,tensorflow.python.ops,gen_math_ops.requantize_per_channel,Empty input
Tensorflow,https://github.com/tensorflow/tensorflow/security/advisories/GHSA-g25h-jr74-qp5j,https://github.com/tensorflow/tensorflow/commit/6da6620efad397c85493b8f8667b821403516708,tf.raw_ops,tf.raw_ops.QuantizeV2,Element mismatch
Tensorflow,https://github.com/tensorflow/tensorflow/security/advisories/GHSA-r4c4-5fpq-56wg,https://github.com/tensorflow/tensorflow/commit/e84c975313e8e8e38bb2ea118196369c45c51378,tf.raw_ops,tf.raw_ops.BoostedTreesSparseCalculateBestFeatureSplit,Element mismatch
Tensorflow,https://github.com/tensorflow/tensorflow/security/advisories/GHSA-gf88-j2mg-cc82,https://github.com/tensorflow/tensorflow/commit/8a84f7a2b5a2b27ecf88d25bad9ac777cd2f7992,tensorflow.python.ops,gen_boosted_trees_ops.boosted_trees_create_quantile_stream_resource,Negative argument
Tensorflow,https://github.com/tensorflow/tensorflow/security/advisories/GHSA-cm5x-837x-jf3c,https://github.com/tensorflow/tensorflow/commit/e86605c0a336c088b638da02135ea6f9f6753618,tf.raw_ops,tf.raw_ops.InplaceSub,Empty input
Tensorflow,https://github.com/tensorflow/tensorflow/security/advisories/GHSA-q3g3-h9r4-prrc,https://github.com/tensorflow/tensorflow/commit/93f428fd1768df147171ed674fee1fc5ab8309ec,tf.raw_ops,tf.raw_ops.SqrtGrad,Element mismatch
Tensorflow,https://github.com/tensorflow/tensorflow/security/advisories/GHSA-6p5r-g9mq-ggh2,https://github.com/tensorflow/tensorflow/commit/ff8894044dfae5568ecbf2ed514c1a37dc394f1b,tf.raw_ops,tf.raw_ops.MatrixSetDiagV3,Empty input
Tensorflow,https://github.com/tensorflow/tensorflow/security/advisories/GHSA-5xwc-mrhx-5g3m,https://github.com/tensorflow/tensorflow/commit/f2a673bd34f0d64b8e40a551ac78989d16daad09,tf.raw_ops,tf.raw_ops.MatrixDiagV3,Empty input
Tensorflow,https://github.com/tensorflow/tensorflow/security/advisories/GHSA-4xfp-4pfp-89wg,https://github.com/tensorflow/tensorflow/commit/1071f554dbd09f7e101324d366eec5f4fe5a3ece,tf.raw_ops,tf.raw_ops.RaggedTensorToSparse,Non increasing order of elements
Tensorflow,https://github.com/tensorflow/tensorflow/security/advisories/GHSA-7fvx-3jfc-2cpc,https://github.com/tensorflow/tensorflow/commit/01cff3f986259d661103412a20745928c727326f,tf.raw_ops,tf.raw_ops.ResourceScatterUpdate,Dimension mismatch
Tensorflow,https://github.com/tensorflow/tensorflow/security/advisories/GHSA-2r8p-fg3c-wcj4,https://github.com/tensorflow/tensorflow/commit/bc9c546ce7015c57c2f15c168b3d9201de679a1d,tf.raw_ops,tf.raw_ops.ResourceGather,Dimension mismatch
Tensorflow,https://github.com/tensorflow/tensorflow/security/advisories/GHSA-qjj8-32p7-h289,https://github.com/tensorflow/tensorflow/commit/ac117ee8a8ea57b73d34665cdf00ef3303bc0b11,tf.raw_ops,tf.raw_ops.ResourceGather,Zero argument
Tensorflow,https://github.com/tensorflow/tensorflow/security/advisories/GHSA-hpv4-7p9c-mvfr,https://github.com/tensorflow/tensorflow/commit/0f931751fb20f565c4e94aa6df58d54a003cdb30,tf.raw_ops,tf.raw_ops.FractionalAvgPoolGrad,Zero element 
Tensorflow,https://github.com/tensorflow/tensorflow/security/advisories/GHSA-hpv4-7p9c-mvfr,https://github.com/tensorflow/tensorflow/commit/0f931751fb20f565c4e94aa6df58d54a003cdb30,tf.raw_ops,tf.raw_ops.FractionalAvgPoolGrad,Zero element 
Tensorflow,https://github.com/tensorflow/tensorflow/security/advisories/GHSA-hpv4-7p9c-mvfr,https://github.com/tensorflow/tensorflow/commit/0f931751fb20f565c4e94aa6df58d54a003cdb30,tf.raw_ops,tf.raw_ops.FractionalAvgPoolGrad,Zero element 
Tensorflow,https://github.com/tensorflow/tensorflow/security/advisories/GHSA-f8h4-7rgh-q2gm,https://github.com/tensorflow/tensorflow/commit/e0b6e58c328059829c3eb968136f17aa72b6c876,tf.raw_ops,tf.raw_ops.ExperimentalDatasetToTFRecord,String input dataset
Tensorflow,https://github.com/tensorflow/tensorflow/security/advisories/GHSA-6gv8-p3vj-pxvr,https://github.com/tensorflow/tensorflow/commit/7bdf50bb4f5c54a4997c379092888546c97c3ebd,tf.raw_ops,tf.raw_ops.UncompressElement,Tensor input
Tensorflow,https://github.com/tensorflow/tensorflow/security/advisories/GHSA-c5x2-p679-95wc,https://github.com/tensorflow/tensorflow/commit/02cc160e29d20631de3859c6653184e3f876b9d7,tf.raw_ops,tf.raw_ops.SparseTensorSliceDataset,Empty input
Tensorflow,https://github.com/tensorflow/tensorflow/security/advisories/GHSA-h6jh-7gv5-28vg,https://github.com/tensorflow/tensorflow/commit/c283e542a3f422420cfdb332414543b62fc4e4a5,tf.raw_ops,tf.raw_ops.StringNGrams,Negative argument
Tensorflow,https://github.com/tensorflow/tensorflow/security/advisories/GHSA-9w2p-5mgw-p94c,https://github.com/tensorflow/tensorflow/commit/96f364a1ca3009f98980021c4b32be5fdcca33a1,tf.raw_ops,tf.raw_ops.QuantizeAndDequantizeV4Grad,Negative argument
Tensorflow,https://github.com/tensorflow/tensorflow/security/advisories/GHSA-fcwc-p4fc-c5cc,https://github.com/tensorflow/tensorflow/commit/482da92095c4d48f8784b1f00dda4f81c28d2988,tf.raw_ops,tf.raw_ops.MatrixDiagPartV2,Non scalar input
Tensorflow,https://github.com/tensorflow/tensorflow/security/advisories/GHSA-27j5-4p9v-pp67,https://github.com/tensorflow/tensorflow/commit/8a6e874437670045e6c7dc6154c7412b4a2135e2,tf.raw_ops,tf.raw_ops.TensorListReserve,Negative argument
Tensorflow,https://github.com/tensorflow/tensorflow/security/advisories/GHSA-9c8h-vvrj-w2p8,https://github.com/tensorflow/tensorflow/commit/a2b743f6017d7b97af1fe49087ae15f0ac634373,tf.raw_ops,tf.raw_ops.RaggedGather,Rank less than 1
Tensorflow,https://github.com/tensorflow/tensorflow/security/advisories/GHSA-9c8h-vvrj-w2p8,https://github.com/tensorflow/tensorflow/commit/a2b743f6017d7b97af1fe49087ae15f0ac634373,tf.raw_ops,tf.raw_ops.RaggedGather,Empty input
Tensorflow,https://github.com/tensorflow/tensorflow/security/advisories/GHSA-ch4f-829c-v5pw,https://github.com/tensorflow/tensorflow/commit/4aacb30888638da75023e6601149415b39763d76,tf.raw_ops,tf.raw_ops.ResourceScatterDiv,Zero element 
Tensorflow,https://github.com/tensorflow/tensorflow/security/advisories/GHSA-95xm-g58g-3p88,https://github.com/tensorflow/tensorflow/commit/4923de56ec94fff7770df259ab7f2288a74feb41,tf.raw_ops,tf.raw_ops.SparseReshape,Zero element 
Tensorflow,https://github.com/tensorflow/tensorflow/security/advisories/GHSA-gh6x-4whr-2qv4,https://github.com/tensorflow/tensorflow/commit/9e82dce6e6bd1f36a57e08fa85af213e2b2f2622,tf.raw_ops,tf.raw_ops.Restore,Empty input
Tensorflow,https://github.com/tensorflow/tensorflow/security/advisories/GHSA-gh6x-4whr-2qv4,https://github.com/tensorflow/tensorflow/commit/9e82dce6e6bd1f36a57e08fa85af213e2b2f2622,tf.raw_ops,tf.raw_ops.RestoreSlice,Empty input
Tensorflow,https://github.com/tensorflow/tensorflow/security/advisories/GHSA-hwr7-8gxx-fj5p,https://github.com/tensorflow/tensorflow/commit/301ae88b331d37a2a16159b65b255f4f9eb39314,tf.raw_ops,tf.raw_ops.RaggedTensorToTensor,Empty input
Tensorflow,https://github.com/tensorflow/tensorflow/security/advisories/GHSA-c9qf-r67m-p7cg,https://github.com/tensorflow/tensorflow/commit/5dc7f6981fdaf74c8c5be41f393df705841fb7c5,tf.raw_ops,tf.raw_ops.CompressElement,Empty input
Tensorflow,https://github.com/tensorflow/tensorflow/security/advisories/GHSA-hp4c-x6r7-6555,https://github.com/tensorflow/tensorflow/commit/d9204be9f49520cdaaeb2541d1dc5187b23f31d9,tf.raw_ops,tf.raw_ops.SparseDenseCwiseDiv,Empty input
Tensorflow,https://github.com/tensorflow/tensorflow/security/advisories/GHSA-wvjw-p9f5-vq28,https://github.com/tensorflow/tensorflow/commit/82e6203221865de4008445b13c69b6826d2b28d9,tf.raw_ops,tf.raw_ops.SparseCountSparseOutput,Zero element 
Tensorflow,https://github.com/tensorflow/tensorflow/security/advisories/GHSA-mmq6-q8r3-48fm,https://github.com/tensorflow/tensorflow/commit/890f7164b70354c57d40eda52dcdd7658677c09f,tf.strings,tf.strings.substr,Dimension mismatch
Tensorflow,https://github.com/tensorflow/tensorflow/security/advisories/GHSA-xqfj-cr6q-pc8w,https://github.com/tensorflow/tensorflow/commit/1dc6a7ce6e0b3e27a7ae650bfc05b195ca793f88,tf.raw_ops,tf.transpose,Argument mismatch
Tensorflow,https://github.com/tensorflow/tensorflow/security/advisories/GHSA-8pmx-p244-g88h,https://github.com/tensorflow/tensorflow/commit/698e01511f62a3c185754db78ebce0eee1f0184d,tf.io,tf.io.decode_raw,Argument mismatch
Tensorflow,https://github.com/tensorflow/tensorflow/security/advisories/GHSA-vvg4-vgrv-xfr7,https://github.com/tensorflow/tensorflow/commit/14607c0707040d775e06b6817325640cb4b5864c,tf.raw_ops,tf.raw_ops.CTCLoss,First dimension is zero
Tensorflow,https://github.com/tensorflow/tensorflow/security/advisories/GHSA-vvg4-vgrv-xfr7,https://github.com/tensorflow/tensorflow/commit/14607c0707040d775e06b6817325640cb4b5864c,tf.raw_ops,tf.raw_ops.CTCLoss,Second dimension less than 1
Tensorflow,https://github.com/tensorflow/tensorflow/security/advisories/GHSA-vvg4-vgrv-xfr7,https://github.com/tensorflow/tensorflow/commit/14607c0707040d775e06b6817325640cb4b5864c,tf.raw_ops,tf.raw_ops.CTCLoss,Empty input
Tensorflow,https://github.com/tensorflow/tensorflow/security/advisories/GHSA-2xgj-xhgf-ggjv,https://github.com/tensorflow/tensorflow/commit/ba6822bd7b7324ba201a28b2f278c29a98edbef2,tf.raw_ops,tf.raw_ops.BandedTriangularSolve,Empty input
Tensorflow,https://github.com/tensorflow/tensorflow/security/advisories/GHSA-mq5c-prh3-3f3h,https://github.com/tensorflow/tensorflow/commit/c5b0d5f8ac19888e46ca14b0e27562e7fbbee9a9,tf.raw_ops,tf.raw_ops.QuantizeAndDequantizeV2,Rank less than 1
Tensorflow,https://github.com/tensorflow/tensorflow/security/advisories/GHSA-9rpc-5v9q-5r7f,https://github.com/tensorflow/tensorflow/commit/1d04d7d93f4ed3854abf75d6b712d72c3f70d6b6,tf.raw_ops,tf.raw_ops.SparseReshape,Scalar input
Tensorflow,https://github.com/tensorflow/tensorflow/security/advisories/GHSA-9rpc-5v9q-5r7f,https://github.com/tensorflow/tensorflow/commit/1d04d7d93f4ed3854abf75d6b712d72c3f70d6b6,tf.raw_ops,tf.raw_ops.SparseReshape,Scalar input
Tensorflow,https://github.com/tensorflow/tensorflow/security/advisories/GHSA-9rpc-5v9q-5r7f,https://github.com/tensorflow/tensorflow/commit/1d04d7d93f4ed3854abf75d6b712d72c3f70d6b6,tf.raw_ops,tf.raw_ops.SparseReshape,Dimension mismatch
Tensorflow,https://github.com/tensorflow/tensorflow/security/advisories/GHSA-gv26-jpj9-c8gq,https://github.com/tensorflow/tensorflow/commit/ba6822bd7b7324ba201a28b2f278c29a98edbef2,tf.raw_ops,tf.raw_ops.SparseSparseMinimum,Dimension mismatch
Tensorflow,https://github.com/tensorflow/tensorflow/security/advisories/GHSA-gv26-jpj9-c8gq,https://github.com/tensorflow/tensorflow/commit/ba6822bd7b7324ba201a28b2f278c29a98edbef2,tf.raw_ops,tf.raw_ops.SparseSparseMinimum,Dimension mismatch
Tensorflow,https://github.com/tensorflow/tensorflow/security/advisories/GHSA-gv26-jpj9-c8gq,https://github.com/tensorflow/tensorflow/commit/ba6822bd7b7324ba201a28b2f278c29a98edbef2,tf.raw_ops,tf.raw_ops.SparseSparseMinimum,Empty input
Tensorflow,https://github.com/tensorflow/tensorflow/security/advisories/GHSA-cjc7-49v2-jp64,https://github.com/tensorflow/tensorflow/commit/41727ff06111117bdf86b37db198217fd7a143cc,tf.raw_ops,tf.raw_ops.SparseAdd,Dimension mismatch
Tensorflow,https://github.com/tensorflow/tensorflow/security/advisories/GHSA-cjc7-49v2-jp64,https://github.com/tensorflow/tensorflow/commit/41727ff06111117bdf86b37db198217fd7a143cc,tf.raw_ops,tf.raw_ops.SparseAdd,Empty input
Tensorflow,https://github.com/tensorflow/tensorflow/security/advisories/GHSA-cjc7-49v2-jp64,https://github.com/tensorflow/tensorflow/commit/41727ff06111117bdf86b37db198217fd7a143cc,tf.raw_ops,tf.raw_ops.SparseAdd,Dimension mismatch
Tensorflow,https://github.com/tensorflow/tensorflow/security/advisories/GHSA-rgvq-pcvf-hx75,https://github.com/tensorflow/tensorflow/commit/f94ef358bb3e91d517446454edff6535bcfe8e4a,tf.raw_ops,tf.raw_ops.RaggedTensorToTensor,Empty input
Tensorflow,https://github.com/tensorflow/tensorflow/security/advisories/GHSA-cfx7-2xpc-8w4h,https://github.com/tensorflow/tensorflow/commit/2c74674348a4708ced58ad6eb1b23354df8ee044,tf.raw_ops,tf.raw_ops.BatchToSpaceNd,Zero element 
Tensorflow,https://github.com/tensorflow/tensorflow/security/advisories/GHSA-v52p-hfjf-wg88,https://github.com/tensorflow/tensorflow/commit/6d36ba65577006affb272335b7c1abd829010708,tf.raw_ops,tf.raw_ops.SpaceToBatchND,Zero element 
Tensorflow,https://github.com/tensorflow/tensorflow/security/advisories/GHSA-97wf-p777-86jq,https://github.com/tensorflow/tensorflow/commit/b22786e7e9b7bdb6a56936ff29cc7e9968d7bc1d,tf,tf.split,Zero argument
Tensorflow,https://github.com/tensorflow/tensorflow/security/advisories/GHSA-j8qh-3xrq-c825,https://github.com/tensorflow/tensorflow/commit/3ebedd7e345453d68e279cfc3e4072648e5e12e5,tf,tf.one_hot,Zero element 
Tensorflow,https://github.com/tensorflow/tensorflow/security/advisories/GHSA-9xh4-23q4-v6wr,https://github.com/tensorflow/tensorflow/commit/6972f9dfe325636b3db4e0bc517ee22a159365c0,tf.raw_ops,tf.raw_ops.FusedBatchNorm,Empty input
Tensorflow,https://github.com/tensorflow/tensorflow/security/advisories/GHSA-xvjm-fvxx-q3hv,https://github.com/tensorflow/tensorflow/commit/4c0ee937c0f61c4fc5f5d32d9bb4c67428012a60,tf.raw_ops,tf.raw_ops.SparseSplit,Very large input argument
Tensorflow,https://github.com/tensorflow/tensorflow/security/advisories/GHSA-c45w-2wxr-pp53,https://github.com/tensorflow/tensorflow/commit/5899741d0421391ca878da47907b1452f06aaf1b,tf.raw_ops,tf.raw_ops.Dequantize,Dimension mismatch
Tensorflow,https://github.com/tensorflow/tensorflow/security/advisories/GHSA-vq2r-5xvm-3hc3,https://github.com/tensorflow/tensorflow/commit/b1b323042264740c398140da32e93fb9c2c9f33e,tf.raw_ops,tf.raw_ops.CTCBeamSearchDecoder,Empty input
Tensorflow,https://github.com/tensorflow/tensorflow/security/advisories/GHSA-6f89-8j54-29xf,https://github.com/tensorflow/tensorflow/commit/12c727cee857fa19be717f336943d95fca4ffe4f,tf.raw_ops,tf.raw_ops.FractionalAvgPoolGrad,Not enough elements
Tensorflow,https://github.com/tensorflow/tensorflow/security/advisories/GHSA-x8h6-xgqx-jqgp,https://github.com/tensorflow/tensorflow/commit/32fdcbff9d06d010d908fcc4bd4b36eb3ce15925,tf.raw_ops,tf.raw_ops.FractionalMaxPoolGrad,Empty input
Tensorflow,https://github.com/tensorflow/tensorflow/security/advisories/GHSA-v6r6-84gr-92rm,https://github.com/tensorflow/tensorflow/commit/6fc9141f42f6a72180ecd24021c3e6b36165fe0d,tf.raw_ops,tf.raw_ops.AvgPool3DGrad,Dimension mismatch
Tensorflow,https://github.com/tensorflow/tensorflow/security/advisories/GHSA-7cqx-92hp-x6wh,https://github.com/tensorflow/tensorflow/commit/63c6a29d0f2d692b247f7bf81f8732d6442fad09,tf.raw_ops,tf.raw_ops.MaxPool3DGradGrad,Dimension mismatch
Tensorflow,https://github.com/tensorflow/tensorflow/security/advisories/GHSA-828x-qc2p-wprq,https://github.com/tensorflow/tensorflow/commit/a3d9f9be9ac2296615644061b40cefcee341dcc4,tf.raw_ops,tf.raw_ops.MaxPool3DGradGrad,Empty input
Tensorflow,https://github.com/tensorflow/tensorflow/security/advisories/GHSA-9vpm-rcf4-9wqw,https://github.com/tensorflow/tensorflow/commit/376c352a37ce5a68b721406dc7e77ac4b6cf483d,tf.raw_ops,tf.raw_ops.MaxPoolGradWithArgmax,Empty input
Tensorflow,https://github.com/tensorflow/tensorflow/security/advisories/GHSA-6qgm-fv6v-rfpv,https://github.com/tensorflow/tensorflow/commit/ecf768cbe50cedc0a45ce1ee223146a3d3d26d23,tf.raw_ops,tf.raw_ops.ReverseSequence,Negative argument
Tensorflow,https://github.com/tensorflow/tensorflow/security/advisories/GHSA-6qgm-fv6v-rfpv,https://github.com/tensorflow/tensorflow/commit/ecf768cbe50cedc0a45ce1ee223146a3d3d26d23,tf.raw_ops,tf.raw_ops.ReverseSequence,Negative argument
Tensorflow,https://github.com/tensorflow/tensorflow/security/advisories/GHSA-5gqf-456p-4836,https://github.com/tensorflow/tensorflow/commit/f7cc8755ac6683131fdfa7a8a121f9d7a9dec6fb,tf.raw_ops,tf.raw_ops.SdcaOptimizer,Length mismatch
Tensorflow,https://github.com/tensorflow/tensorflow/security/advisories/GHSA-5gqf-456p-4836,https://github.com/tensorflow/tensorflow/commit/f7cc8755ac6683131fdfa7a8a121f9d7a9dec6fb,tf.raw_ops,tf.raw_ops.SdcaOptimizer,Dimension mismatch
Tensorflow,https://github.com/tensorflow/tensorflow/security/advisories/GHSA-whr9-vfh2-7hm6,https://github.com/tensorflow/tensorflow/commit/79865b542f9ffdc9caeb255631f7c56f1d4b6517,tf.raw_ops,tf.raw_ops.DrawBoundingBoxesV2,Element other than 4
Tensorflow,https://github.com/tensorflow/tensorflow/security/advisories/GHSA-3h8m-483j-7xxm,https://github.com/tensorflow/tensorflow/commit/ef0c008ee84bad91ec6725ddc42091e19a30cf0e,tf.raw_ops,tf.raw_ops.RequantizationRange,Empty input
Tensorflow,https://github.com/tensorflow/tensorflow/security/advisories/GHSA-545v-42p7-98fq,https://github.com/tensorflow/tensorflow/commit/dcd7867de0fea4b72a2b34bd41eb74548dc23886,tf.raw_ops,tf.raw_ops.MaxPoolGradWithArgmax,Dimension mismatch
Tensorflow,https://github.com/tensorflow/tensorflow/security/advisories/GHSA-wp3c-xw9g-gpcg,https://github.com/tensorflow/tensorflow/commit/7ae2af34087fb4b5c8915279efd03da3b81028bc,tf.raw_ops,tf.raw_ops.SparseDenseCwiseMul,Dimension mismatch
Tensorflow,https://github.com/tensorflow/tensorflow/security/advisories/GHSA-4p4p-www8-8fv9,https://github.com/tensorflow/tensorflow/commit/5e52ef5a461570cfb68f3bdbbebfe972cb4e0fd8,tf.raw_ops,tf.raw_ops.ParameterizedTruncatedNormal,Empty input
Tensorflow,https://github.com/tensorflow/tensorflow/security/advisories/GHSA-r6pg-pjwc-j585,https://github.com/tensorflow/tensorflow/commit/faa76f39014ed3b5e2c158593b1335522e573c7f,tf.raw_ops,tf.raw_ops.SparseFillEmptyRows,Empty input
Tensorflow,https://github.com/tensorflow/tensorflow/security/advisories/GHSA-75f6-78jr-4656,https://github.com/tensorflow/tensorflow/commit/f4c364a5d6880557f6f5b6eb5cee2c407f0186b3,tf.raw_ops,tf.raw_ops.EditDistance,Dimension mismatch
Tensorflow,https://github.com/tensorflow/tensorflow/security/advisories/GHSA-75f6-78jr-4656,https://github.com/tensorflow/tensorflow/commit/f4c364a5d6880557f6f5b6eb5cee2c407f0186b3,tf.raw_ops,tf.raw_ops.EditDistance,Dimension mismatch
Tensorflow,https://github.com/tensorflow/tensorflow/security/advisories/GHSA-ph87-fvjr-v33w,https://github.com/tensorflow/tensorflow/commit/31bd5026304677faa8a0b77602c6154171b9aec1,tf.raw_ops,tf.raw_ops.RFFT,Zero element 
Tensorflow,https://github.com/tensorflow/tensorflow/security/advisories/GHSA-36vm-xw34-x4pj,https://github.com/tensorflow/tensorflow/commit/1c56f53be0b722ca657cbc7df461ed676c8642a2,tf.raw_ops,tf.raw_ops.IRFFT,Zero element 
Tensorflow,https://github.com/tensorflow/tensorflow/security/advisories/GHSA-gvm4-h8j3-rjrq,https://github.com/tensorflow/tensorflow/commit/77dd114513d7796e1e2b8aece214a380af26fbf4,tf.raw_ops,tf.raw_ops.LoadAndRemapMatrix,Empty input
Tensorflow,https://github.com/tensorflow/tensorflow/security/advisories/GHSA-59q2-x2qc-4c97,https://github.com/tensorflow/tensorflow/commit/51300ba1cc2f487aefec6e6631fef03b0e08b298,tf.raw_ops,tf.raw_ops.UnicodeEncode,Element other than 0
Tensorflow,https://github.com/tensorflow/tensorflow/security/advisories/GHSA-59q2-x2qc-4c97,https://github.com/tensorflow/tensorflow/commit/51300ba1cc2f487aefec6e6631fef03b0e08b298,tf.raw_ops,tf.raw_ops.UnicodeEncode,Last element in input_splits  != input_values 
Tensorflow,https://github.com/tensorflow/tensorflow/security/advisories/GHSA-mqh2-9wrp-vx84,https://github.com/tensorflow/tensorflow/commit/8ba6fa29cd8bf9cef9b718dc31c78c73081f5b31,tf.raw_ops,tf.raw_ops.SparseSplit,Slice index is larger than num_split
Tensorflow,https://github.com/tensorflow/tensorflow/security/advisories/GHSA-fxqh-cfjm-fp93,https://github.com/tensorflow/tensorflow/commit/4071d8e2f6c45c1955a811fee757ca2adbe462c1,tf.raw_ops,tf.raw_ops.Reverse,Empty input
Tensorflow,https://github.com/tensorflow/tensorflow/security/advisories/GHSA-xw93-v57j-fcgh,https://github.com/tensorflow/tensorflow/commit/7f283ff806b2031f407db64c4d3edcda8fb9f9f5,tf.raw_ops,tf.raw_ops.SparseMatMul,Empty input
Tensorflow,https://github.com/tensorflow/tensorflow/security/advisories/GHSA-r35g-4525-29fq,https://github.com/tensorflow/tensorflow/commit/1a2a87229d1d61e23a39373777c056161eb4084d,tf.raw_ops,tf.raw_ops.FusedBatchNorm,Zero element 
Tensorflow,https://github.com/tensorflow/tensorflow/security/advisories/GHSA-qg48-85hg-mqc5,https://github.com/tensorflow/tensorflow/commit/da5ff2daf618591f64b2b62d9d9803951b945e9f,tf.raw_ops,tf.raw_ops.DenseCountSparseOutput,Zero dimensional tensor
Tensorflow,https://github.com/tensorflow/tensorflow/security/advisories/GHSA-jhq9-wm9m-cf89,https://github.com/tensorflow/tensorflow/commit/704866eabe03a9aeda044ec91a8d0c83fc1ebdbe,tf.raw_ops,tf.raw_ops.UnsortedSegmentJoin,Empty input
Tensorflow,https://github.com/tensorflow/tensorflow/security/advisories/GHSA-h9px-9vqg-222h,https://github.com/tensorflow/tensorflow/commit/99085e8ff02c3763a0ec2263e44daec416f6a387,tf.raw_ops,tf.raw_ops.QuantizeAndDequantizeV3,Axis larger than input dimension
Tensorflow,https://github.com/tensorflow/tensorflow/security/advisories/GHSA-vqw6-72r7-fgw7,https://github.com/tensorflow/tensorflow/commit/480641e3599775a8895254ffbc0fc45621334f68,tf.raw_ops,tf.raw_ops.MatrixTriangularSolve,Empty input
Tensorflow,https://github.com/tensorflow/tensorflow/security/advisories/GHSA-f78g-q7r4-9wcv,https://github.com/tensorflow/tensorflow/commit/548b5eaf23685d86f722233d8fbc21d0a4aecb96,tf.raw_ops,tf.raw_ops.FractionalAvgPool,Pooling ratio bigger than input tensor dim size
Tensorflow,https://github.com/tensorflow/tensorflow/security/advisories/GHSA-x83m-p7pv-ch8v,https://github.com/tensorflow/tensorflow/commit/744009c9e5cc5d0447f0dc39d055f917e1fd9e16,tf.raw_ops,tf.raw_ops.QuantizedAdd,Zero element 
Tensorflow,https://github.com/tensorflow/tensorflow/security/advisories/GHSA-p45v-v4pw-77jr,https://github.com/tensorflow/tensorflow/commit/d6ed5bcfe1dcab9e85a4d39931bd18d99018e75b,tf.raw_ops,tf.raw_ops.QuantizedBatchNormWithGlobalNormalization,Zero element 
Tensorflow,https://github.com/tensorflow/tensorflow/security/advisories/GHSA-p45v-v4pw-77jr,https://github.com/tensorflow/tensorflow/commit/d6ed5bcfe1dcab9e85a4d39931bd18d99018e75b,tf.raw_ops,tf.raw_ops.QuantizedBatchNormWithGlobalNormalization,Empty input
Tensorflow,https://github.com/tensorflow/tensorflow/security/advisories/GHSA-p45v-v4pw-77jr,https://github.com/tensorflow/tensorflow/commit/d6ed5bcfe1dcab9e85a4d39931bd18d99018e75b,tf.raw_ops,tf.raw_ops.QuantizedBatchNormWithGlobalNormalization,Dimension mismatch
Tensorflow,https://github.com/tensorflow/tensorflow/security/advisories/GHSA-m34j-p8rj-wjxq,https://github.com/tensorflow/tensorflow/commit/67784700869470d65d5f2ef20aeb5e97c31673cb,tf.raw_ops,tf.raw_ops.QuantizedBiasAdd,Empty input
Tensorflow,https://github.com/tensorflow/tensorflow/security/advisories/GHSA-fphq-gw9m-ghrv,https://github.com/tensorflow/tensorflow/commit/ea3b43e98c32c97b35d52b4c66f9107452ca8fb2,tf.raw_ops,tf.raw_ops.CTCGreedyDecoder,Empty input
Tensorflow,https://github.com/tensorflow/tensorflow/security/advisories/GHSA-6g85-3hm8-83f9,https://github.com/tensorflow/tensorflow/commit/20431e9044cf2ad3c0323c34888b192f3289af6b,tf.raw_ops,tf.raw_ops.QuantizeAndDequantizeV4Grad,Dimension other than 1
Tensorflow,https://github.com/tensorflow/tensorflow/security/advisories/GHSA-xgc3-m89p-vr3x,https://github.com/tensorflow/tensorflow/commit/c570e2ecfc822941335ad48f6e10df4e21f11c96,tf.raw_ops,tf.raw_ops.Conv2DBackpropFilter,Dimension mismatch
Tensorflow,https://github.com/tensorflow/tensorflow/security/advisories/GHSA-xgc3-m89p-vr3x,https://github.com/tensorflow/tensorflow/commit/c570e2ecfc822941335ad48f6e10df4e21f11c96,tf.raw_ops,tf.raw_ops.Conv2DBackpropFilter,Dimension mismatch
Tensorflow,https://github.com/tensorflow/tensorflow/security/advisories/GHSA-2gfx-95x2-5v3x,https://github.com/tensorflow/tensorflow/commit/a324ac84e573fba362a5e53d4e74d5de6729933e,tf.raw_ops,tf.raw_ops.QuantizedReshape,Empty input
Tensorflow,https://github.com/tensorflow/tensorflow/security/advisories/GHSA-8c89-2vwr-chcq,https://github.com/tensorflow/tensorflow/commit/f6c40f0c6cbf00d46c7717a26419f2062f2f8694,tf.raw_ops,tf.raw_ops.QuantizedResizeBilinear,Empty input
Tensorflow,https://github.com/tensorflow/tensorflow/security/advisories/GHSA-6j9c-grc6-5m6g,https://github.com/tensorflow/tensorflow/commit/69c68ecbb24dff3fa0e46da0d16c821a2dd22d7c,tf.raw_ops,tf.raw_ops.SparseConcat,Very large input argument
Tensorflow,https://github.com/tensorflow/tensorflow/security/advisories/GHSA-m3f9-w3p3-p669,https://github.com/tensorflow/tensorflow/commit/efea03b38fb8d3b81762237dc85e579cc5fc6e87,tf.raw_ops,tf.raw_ops.QuantizedMul,Non scalar input
Tensorflow,https://github.com/tensorflow/tensorflow/security/advisories/GHSA-393f-2jr3-cp69,https://github.com/tensorflow/tensorflow/commit/b432a38fe0e1b4b904a6c222cbce794c39703e87,tf.raw_ops,tf.raw_ops.DrawBoundingBoxes,Empty input
Tensorflow,https://github.com/tensorflow/tensorflow/security/advisories/GHSA-j47f-4232-hvv8,https://github.com/tensorflow/tensorflow/commit/44b7f486c0143f68b56c34e2d01e146ee445134a,tf.raw_ops,tf.raw_ops.RaggedCross,Empty input
Tensorflow,https://github.com/tensorflow/tensorflow/security/advisories/GHSA-3qxp-qjq7-w4hf,https://github.com/tensorflow/tensorflow/commit/26eb323554ffccd173e8a79a8c05c15b685ae4d1,tf.raw_ops,tf.raw_ops.EncodePng,Empty input
Tensorflow,https://github.com/tensorflow/tensorflow/security/advisories/GHSA-xcwj-wfcm-m23c,https://github.com/tensorflow/tensorflow/commit/e6a7c7cc18c3aaad1ae0872cb0a959f5c923d2bd,tf.raw_ops,tf.raw_ops.SparseMatrixSparseCholesky,Empty input
Tensorflow,https://github.com/tensorflow/tensorflow/security/advisories/GHSA-6f84-42vf-ppwp,https://github.com/tensorflow/tensorflow/commit/a1b11d2fdd1e51bfe18bb1ede804f60abfa92da6,tf.raw_ops,tf.raw_ops.QuantizedMul,Empty input
Tensorflow,https://github.com/tensorflow/tensorflow/security/advisories/GHSA-x4g7-fvjj-prg8,https://github.com/tensorflow/tensorflow/commit/cfa91be9863a91d5105a3b4941096044ab32036b,tf.raw_ops,tf.raw_ops.QuantizedConv2D,Zero argument
Tensorflow,https://github.com/tensorflow/tensorflow/security/advisories/GHSA-x4g7-fvjj-prg8,https://github.com/tensorflow/tensorflow/commit/cfa91be9863a91d5105a3b4941096044ab32036b,tf.raw_ops,tf.raw_ops.QuantizedConv2D,Empty input
Tensorflow,https://github.com/tensorflow/tensorflow/security/advisories/GHSA-4vf2-4xcg-65cx,https://github.com/tensorflow/tensorflow/commit/b12aa1d44352de21d1a6faaf04172d8c2508b42b,tf.raw_ops,tf.raw_ops.Conv2D,Empty input
Tensorflow,https://github.com/tensorflow/tensorflow/security/advisories/GHSA-xm2v-8rrw-w9pm,https://github.com/tensorflow/tensorflow/commit/2be2cdf3a123e231b16f766aa0e27d56b4606535,tf.raw_ops,tf.raw_ops.Conv2DBackpropInput,Empty input
Tensorflow,https://github.com/tensorflow/tensorflow/security/advisories/GHSA-r4pj-74mg-8868,https://github.com/tensorflow/tensorflow/commit/fca9874a9b42a2134f907d2fb46ab774a831404a,tf.raw_ops,tf.raw_ops.Conv2DBackpropFilter,Empty input
Tensorflow,https://github.com/tensorflow/tensorflow/security/advisories/GHSA-2cpx-427x-q2c6,https://github.com/tensorflow/tensorflow/commit/69c68ecbb24dff3fa0e46da0d16c821a2dd22d7c,tf.raw_ops,tf.raw_ops.AddManySparseToTensorsMap,Very large input argument
Tensorflow,https://github.com/tensorflow/tensorflow/security/advisories/GHSA-c968-pq7h-7fxv,https://github.com/tensorflow/tensorflow/commit/311403edbc9816df80274bd1ea8b3c0c0f22c3fa,tf.raw_ops,tf.raw_ops.Conv3DBackpropFilterV2,Empty input
Tensorflow,https://github.com/tensorflow/tensorflow/security/advisories/GHSA-wcv5-qrj6-9pfm,https://github.com/tensorflow/tensorflow/commit/8f37b52e1320d8d72a9529b2468277791a261197,tf.raw_ops,tf.raw_ops.Conv3DBackpropInputV2,Dimension mismatch
Tensorflow,https://github.com/tensorflow/tensorflow/security/advisories/GHSA-hr84-fqvp-48mm,https://github.com/tensorflow/tensorflow/commit/c57c0b9f3a4f8684f3489dd9a9ec627ad8b599f5,tf.raw_ops,tf.raw_ops.SparseCountSparseOutput,Negative element
Tensorflow,https://github.com/tensorflow/tensorflow/security/advisories/GHSA-772j-h9xw-ffp5,https://github.com/tensorflow/tensorflow/commit/b1cc5e5a50e7cee09f2c6eb48eb40ee9c4125025,tf.raw_ops,tf.raw_ops.SparseCross,Integer tensors
Tensorflow,https://github.com/tensorflow/tensorflow/security/advisories/GHSA-62gx-355r-9fhg,https://github.com/tensorflow/tensorflow/commit/ff70c47a396ef1e3cb73c90513da4f5cb71bebba,tf.raw_ops,tf.raw_ops.GetSessionTensor,Invalid argument
Tensorflow,https://github.com/tensorflow/tensorflow/security/advisories/GHSA-772p-x54p-hjrv,https://github.com/tensorflow/tensorflow/commit/799f835a3dfa00a4d852defa29b15841eea9d64f,tf.raw_ops,tf.raw_ops.Conv3D,Empty input
Tensorflow,https://github.com/tensorflow/tensorflow/security/advisories/GHSA-772p-x54p-hjrv,https://github.com/tensorflow/tensorflow/commit/799f835a3dfa00a4d852defa29b15841eea9d64f,tf.raw_ops,tf.raw_ops.Conv3D,Dimension mismatch
Tensorflow,https://github.com/tensorflow/tensorflow/security/advisories/GHSA-hc6c-75p4-hmq4,https://github.com/tensorflow/tensorflow/commit/a7116dd3913c4a4afd2a3a938573aa7c785fdfc6,tf.raw_ops,tf.raw_ops.MatrixDiagV2,Empty input
Tensorflow,https://github.com/tensorflow/tensorflow/security/advisories/GHSA-8h46-5m9h-7553,https://github.com/tensorflow/tensorflow/commit/eebb96c2830d48597d055d247c0e9aebaea94cd5,tf.raw_ops,tf.raw_ops.RaggedBincount,Element other than zero
Tensorflow,https://github.com/tensorflow/tensorflow/security/advisories/GHSA-g4h2-gqm3-c9wq,https://github.com/tensorflow/tensorflow/commit/eebb96c2830d48597d055d247c0e9aebaea94cd5,tf.raw_ops,tf.raw_ops.ImmutableConst,Invalid type
Tensorflow,https://github.com/tensorflow/tensorflow/security/advisories/GHSA-hhvc-g5hv-48c6,https://github.com/tensorflow/tensorflow/commit/c1e1fc899ad5f8c725dcbb6470069890b5060bc7,tf.raw_ops,tf.raw_ops.ImmutableConst,Too small file
Tensorflow,https://github.com/tensorflow/tensorflow/security/advisories/GHSA-c9f3-9wfr-wgh7,https://github.com/tensorflow/tensorflow/commit/ebc70b7a592420d3d2f359e4b1694c236b82c7ae,tf.raw_ops,tf.raw_ops.DataFormatVecPermute,Invalid argument
Tensorflow,https://github.com/tensorflow/tensorflow/security/advisories/GHSA-c9f3-9wfr-wgh7,https://github.com/tensorflow/tensorflow/commit/ebc70b7a592420d3d2f359e4b1694c236b82c7ae,tf.raw_ops,tf.raw_ops.DataFormatVecPermute,Invalid argument
Tensorflow,https://github.com/tensorflow/tensorflow/security/advisories/GHSA-c9f3-9wfr-wgh7,https://github.com/tensorflow/tensorflow/commit/ebc70b7a592420d3d2f359e4b1694c236b82c7ae,tf.raw_ops,tf.raw_ops.DataFormatVecPermute,Invalid argument
Tensorflow,https://github.com/tensorflow/tensorflow/security/advisories/GHSA-c9f3-9wfr-wgh7,https://github.com/tensorflow/tensorflow/commit/ebc70b7a592420d3d2f359e4b1694c236b82c7ae,tf.raw_ops,tf.raw_ops.DataFormatVecPermute,Invalid argument
Tensorflow,https://github.com/tensorflow/tensorflow/security/advisories/GHSA-c9f3-9wfr-wgh7,https://github.com/tensorflow/tensorflow/commit/ebc70b7a592420d3d2f359e4b1694c236b82c7ae,tf.raw_ops,tf.raw_ops.DataFormatVecPermute,Invalid argument
Tensorflow,https://github.com/tensorflow/tensorflow/security/advisories/GHSA-c9f3-9wfr-wgh7,https://github.com/tensorflow/tensorflow/commit/ebc70b7a592420d3d2f359e4b1694c236b82c7ae,tf.raw_ops,tf.raw_ops.DataFormatVecPermute,Invalid argument
Tensorflow,https://github.com/tensorflow/tensorflow/security/advisories/GHSA-c9f3-9wfr-wgh7,https://github.com/tensorflow/tensorflow/commit/ebc70b7a592420d3d2f359e4b1694c236b82c7ae,tf.raw_ops,tf.raw_ops.DataFormatVecPermute,Invalid argument
Tensorflow,https://github.com/tensorflow/tensorflow/security/advisories/GHSA-c9f3-9wfr-wgh7,https://github.com/tensorflow/tensorflow/commit/ebc70b7a592420d3d2f359e4b1694c236b82c7ae,tf.raw_ops,tf.raw_ops.DataFormatVecPermute,Invalid argument
Tensorflow,https://github.com/tensorflow/tensorflow/security/advisories/GHSA-xwhf-g6j5-j5gc,https://github.com/tensorflow/tensorflow/commit/c0319231333f0f16e1cc75ec83660b01fedd4182,tf.image,tf.image.crop_and_resize,Very large input argument
Tensorflow,https://github.com/tensorflow/tensorflow/security/advisories/GHSA-452g-f7fp-9jf7,https://github.com/tensorflow/tensorflow/commit/030af767d357d1b4088c4a25c72cb3906abac489,tf.raw_ops,tf.random.truncated_normal,invalid type
Tensorflow,https://github.com/tensorflow/tensorflow/security/advisories/GHSA-rrfp-j2mp-hq9c,https://github.com/tensorflow/tensorflow/commit/eccb7ec454e6617738554a255d77f08e60ee0808,tf.raw_ops,tf.quantization.quantize_and_dequantize,Invalid rank
Tensorflow,https://github.com/tensorflow/tensorflow/security/advisories/GHSA-q8qj-fc9q-cphr,https://github.com/tensorflow/tensorflow/commit/22e07fb204386768e5bcbea563641ea11f96ceb8,tf.experimental,tf.experimental.dlpack.to_dlpack,python object
Tensorflow,https://github.com/tensorflow/tensorflow/security/advisories/GHSA-8fxw-76px-3rxv,https://github.com/tensorflow/tensorflow/commit/22e07fb204386768e5bcbea563641ea11f96ceb8,tf.experimental,tf.experimental.dlpack.to_dlpack,python object
Tensorflow,https://github.com/tensorflow/tensorflow/security/advisories/GHSA-9mqp-7v2h-2382,https://github.com/tensorflow/tensorflow/commit/390611e0d45c5793c7066110af37c8514e6a6c54,tf.raw_ops,tf.raw_ops.SparseFillEmptyRowsGrad,Non vector input
Tensorflow,https://github.com/tensorflow/tensorflow/security/advisories/GHSA-qc53-44cj-vfvx,https://github.com/tensorflow/tensorflow/commit/3cbb917b4714766030b28eba9fb41bb97ce9ee02,tf.raw_ops,tf.raw_ops.SparseCountSparseOutput,Rank other than 2
Tensorflow,https://github.com/tensorflow/tensorflow/security/advisories/GHSA-qc53-44cj-vfvx,https://github.com/tensorflow/tensorflow/commit/3cbb917b4714766030b28eba9fb41bb97ce9ee02,tf.raw_ops,tf.raw_ops.SparseCountSparseOutput,Dimension mismatch
Tensorflow,https://github.com/tensorflow/tensorflow/security/advisories/GHSA-qc53-44cj-vfvx,https://github.com/tensorflow/tensorflow/commit/3cbb917b4714766030b28eba9fb41bb97ce9ee02,tf.raw_ops,tf.raw_ops.SparseCountSparseOutput,Dimension mismatch
Tensorflow,https://github.com/tensorflow/tensorflow/security/advisories/GHSA-qc53-44cj-vfvx,https://github.com/tensorflow/tensorflow/commit/3cbb917b4714766030b28eba9fb41bb97ce9ee02,tf.raw_ops,tf.raw_ops.SparseCountSparseOutput,Dimension mismatch
Tensorflow,https://github.com/tensorflow/tensorflow/security/advisories/GHSA-qc53-44cj-vfvx,https://github.com/tensorflow/tensorflow/commit/3cbb917b4714766030b28eba9fb41bb97ce9ee02,tf.raw_ops,tf.raw_ops.SparseCountSparseOutput,First element other than zero
Tensorflow,https://github.com/tensorflow/tensorflow/security/advisories/GHSA-x5cp-9pcf-pp3h,https://github.com/tensorflow/tensorflow/commit/3cbb917b4714766030b28eba9fb41bb97ce9ee02,tf.raw_ops,tf.raw_ops.SparseCountSparseOutput,Rank other than 2
Tensorflow,https://github.com/tensorflow/tensorflow/security/advisories/GHSA-x5cp-9pcf-pp3h,https://github.com/tensorflow/tensorflow/commit/3cbb917b4714766030b28eba9fb41bb97ce9ee02,tf.raw_ops,tf.raw_ops.SparseCountSparseOutput,split[-1] != len(values)
Tensorflow,https://github.com/tensorflow/tensorflow/security/advisories/GHSA-x5cp-9pcf-pp3h,https://github.com/tensorflow/tensorflow/commit/3cbb917b4714766030b28eba9fb41bb97ce9ee02,tf.raw_ops,tf.raw_ops.RaggedCountSparseOutput,Rank other than 2
Tensorflow,https://github.com/tensorflow/tensorflow/security/advisories/GHSA-jc87-6vpp-7ff3,https://github.com/tensorflow/tensorflow/commit/3cbb917b4714766030b28eba9fb41bb97ce9ee02,tf.raw_ops,tf.raw_ops.RaggedCountSparseOutput,Dimension mismatch
Tensorflow,https://github.com/tensorflow/tensorflow/security/advisories/GHSA-jc87-6vpp-7ff3,https://github.com/tensorflow/tensorflow/commit/3cbb917b4714766030b28eba9fb41bb97ce9ee02,tf.raw_ops,tf.raw_ops.RaggedCountSparseOutput,Dimension mismatch
Tensorflow,https://github.com/tensorflow/tensorflow/security/advisories/GHSA-jc87-6vpp-7ff3,https://github.com/tensorflow/tensorflow/commit/3cbb917b4714766030b28eba9fb41bb97ce9ee02,tf.raw_ops,tf.raw_ops.RaggedCountSparseOutput,Dimension mismatch
Tensorflow,https://github.com/tensorflow/tensorflow/security/advisories/GHSA-jc87-6vpp-7ff3,https://github.com/tensorflow/tensorflow/commit/3cbb917b4714766030b28eba9fb41bb97ce9ee02,tf.raw_ops,tf.raw_ops.RaggedCountSparseOutput,First element other than zero
Tensorflow,https://github.com/tensorflow/tensorflow/security/advisories/GHSA-jc87-6vpp-7ff3,https://github.com/tensorflow/tensorflow/commit/3cbb917b4714766030b28eba9fb41bb97ce9ee02,tf.raw_ops,tf.raw_ops.RaggedCountSparseOutput,Rank other than 2
Tensorflow,https://github.com/tensorflow/tensorflow/security/advisories/GHSA-jc87-6vpp-7ff3,https://github.com/tensorflow/tensorflow/commit/3cbb917b4714766030b28eba9fb41bb97ce9ee02,tf.raw_ops,tf.raw_ops.RaggedCountSparseOutput,split[-1] != len(values)
Tensorflow,https://github.com/tensorflow/tensorflow/security/advisories/GHSA-g7p5-5759-qv46,https://github.com/tensorflow/tensorflow/commit/0462de5b544ed4731aa2fb23946ac22c01856b80,tf.raw_ops,tf.raw_ops.StringNGrams,Invalid argument